{"id": 1, "feature": [0.20603111091190082, 0.47365870677711336, 0.0, 0.1906025588944098, 0.5027364140677469, 0.11625724412870071, 0.6082659249254797, 0.0, 0.24621574097932228, 0.0], "diff": 0.485436893}
{"id": 2, "feature": [0.0, 0.0, 0.0, 0.0, 0.8216384629476237, 0.570008979056529, 0.0, 0.0, 0.0, 0.0], "diff": 0.907063197}
{"id": 3, "feature": [0.278776018406932, 0.48067263157976176, 0.0, 0.257899994964727, 0.45349415177048646, 0.0, 0.4115154064180225, 0.0, 0.49972339348797257, 0.0], "diff": 0.236363636}
{"id": 4, "feature": [0.0755992339807093, 0.17380013747513512, 0.0, 0.06993801753241963, 0.0, 0.0, 0.0, 0.0, 0.0, 0.9793808971686088], "diff": 0.41509434}
{"id": 5, "feature": [0.0, 0.0, 0.0, 0.0, 0.5846915555492073, 0.811255684029054, 0.0, 0.0, 0.0, 0.0], "diff": 0.776951673}